<?xml version="1.0" encoding="UTF-8"?>
<project-private xmlns="http://www.netbeans.org/ns/project-private/1">
    <editor-bookmarks xmlns="http://www.netbeans.org/ns/editor-bookmarks/2" lastBookmarkId="0"/>
    <open-files xmlns="http://www.netbeans.org/ns/projectui-open-files/2">
        <group>
            <file>file:/C:/Users/johan/Desktop/Disk_Agua_Final/src/disk_agua/Aplicativo.java</file>
            <file>file:/C:/Users/johan/Desktop/Disk_Agua_Final/src/disk_agua/Editar.java</file>
            <file>file:/C:/Users/johan/Desktop/Disk_Agua_Final/src/disk_agua/Pesquisar.java</file>
        </group>
    </open-files>
</project-private>
